"SECONDS";"PID";"VALUE";"UNITS"
"69498.66453";"Engine RPM";"727";"rpm"
"69498.93353";"Vehicle speed";"0";"km/h"
"69499.20653";"Engine coolant temperature";"83";"℃"
"69499.46453";"Engine RPM";"1263";"rpm"
"69499.73253";"Distance travelled";"0";"km"
"69499.73253";"Distance travelled (total)";"0";"km"
"69499.73253";"Vehicle speed";"0";"km/h"
"69499.99553";"Engine coolant temperature";"83";"℃"
"69500.25353";"Engine RPM";"1076";"rpm"
"69500.51253";"Average speed";"0";"km/h"
"69500.51253";"Distance travelled";"0";"km"
"69500.51253";"Distance travelled (total)";"0";"km"
"69500.51253";"Vehicle speed";"0";"km/h"
"69500.77053";"Engine coolant temperature";"83";"℃"
"69501.02253";"Engine RPM";"824";"rpm"
"69501.28053";"Average speed";"0";"km/h"
"69501.28053";"Distance travelled";"0";"km"
"69501.28053";"Distance travelled (total)";"0";"km"
"69501.28053";"Vehicle speed";"0";"km/h"
"69501.54253";"Engine coolant temperature";"83";"℃"
"69501.80553";"Engine RPM";"911";"rpm"
"69502.05253";"Average speed";"0";"km/h"
"69502.05253";"Distance travelled";"0";"km"
"69502.05253";"Distance travelled (total)";"0";"km"
"69502.05253";"Vehicle acceleration";"0";"m_sec2"
"69502.05253";"Vehicle speed";"0";"km/h"
"69502.30953";"Engine coolant temperature";"83";"℃"
"69502.56153";"Engine RPM";"1225";"rpm"
"69502.81953";"Average speed";"0";"km/h"
"69502.81953";"Distance travelled";"0";"km"
"69502.81953";"Distance travelled (total)";"0";"km"
"69502.81953";"Vehicle acceleration";"0";"m_sec2"
"69502.81953";"Vehicle speed";"0";"km/h"
"69503.08253";"Engine coolant temperature";"83";"℃"
"69503.34553";"Engine RPM";"1063";"rpm"
"69503.60353";"Average speed";"0";"km/h"
"69503.60353";"Distance travelled";"0";"km"
"69503.60353";"Distance travelled (total)";"0";"km"
"69503.60353";"Vehicle acceleration";"0";"m_sec2"
"69503.60353";"Vehicle speed";"0";"km/h"
"69503.88253";"Engine coolant temperature";"83";"℃"
"69504.14653";"Engine RPM";"810";"rpm"
"69504.39453";"Average speed";"0";"km/h"
"69504.39453";"Distance travelled";"0";"km"
"69504.39453";"Distance travelled (total)";"0";"km"
"69504.39453";"Vehicle acceleration";"0";"m_sec2"
"69504.39453";"Vehicle speed";"0";"km/h"
"69504.66253";"Engine coolant temperature";"83";"℃"
"69504.92553";"Engine RPM";"714";"rpm"
"69505.18353";"Average speed";"0";"km/h"
"69505.18353";"Distance travelled";"0";"km"
"69505.18353";"Distance travelled (total)";"0";"km"
"69505.18353";"Vehicle acceleration";"0";"m_sec2"
"69505.18353";"Vehicle speed";"0";"km/h"
"69505.44153";"Engine coolant temperature";"83";"℃"
"69505.70053";"Engine RPM";"716";"rpm"
"69505.95253";"Average speed";"0";"km/h"
"69505.95253";"Distance travelled";"0";"km"
"69505.95253";"Distance travelled (total)";"0";"km"
"69505.95253";"Vehicle acceleration";"0";"m_sec2"
"69505.95253";"Vehicle speed";"0";"km/h"
"69506.20953";"Engine coolant temperature";"83";"℃"
"69506.48953";"Engine RPM";"713";"rpm"
"69506.74453";"Average speed";"0";"km/h"
"69506.74453";"Distance travelled";"0";"km"
"69506.74453";"Distance travelled (total)";"0";"km"
"69506.74453";"Vehicle acceleration";"0";"m_sec2"
"69506.74453";"Vehicle speed";"0";"km/h"
"69506.99953";"Engine coolant temperature";"83";"℃"
"69507.52753";"Oxygen sensor 2 Bank 1 Voltage";"0.81";"V"
"69507.81853";"Oxygen sensor 2 Bank 1 Voltage";"0.805";"V"
"69508.07153";"Oxygen sensor 2 Bank 1 Voltage";"0.805";"V"
"69508.33053";"Oxygen sensor 2 Bank 1 Voltage";"0.805";"V"
"69508.58953";"Oxygen sensor 2 Bank 1 Voltage";"0.8";"V"
"69508.85253";"Oxygen sensor 2 Bank 1 Voltage";"0.8";"V"
"69509.12253";"Oxygen sensor 2 Bank 1 Voltage";"0.8";"V"
"69509.38753";"Oxygen sensor 2 Bank 1 Voltage";"0.795";"V"
"69509.64453";"Oxygen sensor 2 Bank 1 Voltage";"0.795";"V"
"69509.90253";"Oxygen sensor 2 Bank 1 Voltage";"0.795";"V"
"69510.17653";"Oxygen sensor 2 Bank 1 Voltage";"0.795";"V"
"69510.43453";"Oxygen sensor 2 Bank 1 Voltage";"0.795";"V"
"69510.69153";"Oxygen sensor 2 Bank 1 Voltage";"0.8";"V"
"69510.95053";"Oxygen sensor 2 Bank 1 Voltage";"0.805";"V"
"69511.20353";"Oxygen sensor 2 Bank 1 Voltage";"0.8";"V"
"69511.46153";"Oxygen sensor 2 Bank 1 Voltage";"0.795";"V"
"69511.72053";"Oxygen sensor 2 Bank 1 Voltage";"0.795";"V"
"69511.98553";"Oxygen sensor 2 Bank 1 Voltage";"0.79";"V"
"69512.24353";"Oxygen sensor 2 Bank 1 Voltage";"0.785";"V"
"69512.50153";"Oxygen sensor 2 Bank 1 Voltage";"0.785";"V"
"69512.76153";"Oxygen sensor 2 Bank 1 Voltage";"0.8";"V"
"69513.02453";"Oxygen sensor 2 Bank 1 Voltage";"0.865";"V"
"69513.28253";"Oxygen sensor 2 Bank 1 Voltage";"0.88";"V"
"69513.53953";"Oxygen sensor 2 Bank 1 Voltage";"0.89";"V"
"69513.80253";"Oxygen sensor 2 Bank 1 Voltage";"0.895";"V"
"69514.06553";"Oxygen sensor 2 Bank 1 Voltage";"0.895";"V"
"69514.32353";"Oxygen sensor 2 Bank 1 Voltage";"0.9";"V"
"69514.58053";"Oxygen sensor 2 Bank 1 Voltage";"0.905";"V"
"69514.84553";"Oxygen sensor 2 Bank 1 Voltage";"0.91";"V"
"69515.10353";"Oxygen sensor 2 Bank 1 Voltage";"0.91";"V"
"69515.36653";"Oxygen sensor 2 Bank 1 Voltage";"0.91";"V"
"69515.63053";"Oxygen sensor 2 Bank 1 Voltage";"0.91";"V"
"69515.89353";"Oxygen sensor 2 Bank 1 Voltage";"0.91";"V"
"69516.15253";"Oxygen sensor 2 Bank 1 Voltage";"0.91";"V"
"69516.41553";"Oxygen sensor 2 Bank 1 Voltage";"0.91";"V"
"69516.67453";"Oxygen sensor 2 Bank 1 Voltage";"0.91";"V"
"69516.94253";"Oxygen sensor 2 Bank 1 Voltage";"0.905";"V"
"69517.20553";"Oxygen sensor 2 Bank 1 Voltage";"0.905";"V"
"69517.46453";"Oxygen sensor 2 Bank 1 Voltage";"0.9";"V"
"69517.99253";"Oxygen sensor 1 Wide Range Current (mA)";"-0.94921875";"mA"
"69517.99253";"Oxygen sensor 1 Wide Range Equivalence ratio";"11.6786208";""
"69518.51953";"Fuel economizer (based on fuel system status and throttle position)";"1";""
"69518.51953";"Throttle position";"10.1960784313725";"%"
"69518.78353";"Calculated instant fuel rate";"1.52438717130257";"L/h"
"69518.78353";"Instant engine power (based on fuel consumption)";"4.38629705315888";"hp"
"69518.78353";"MAF air flow rate";"3.61";"g/sec"
"69519.04453";"Average speed";"0";"km/h"
"69519.04453";"Distance travelled";"0";"km"
"69519.04453";"Distance travelled (total)";"0";"km"
"69519.04453";"Vehicle acceleration";"0";"m_sec2"
"69519.04453";"Vehicle speed";"0";"km/h"
"69519.30553";"Engine RPM";"708";"rpm"
"69519.56553";"Oxygen sensor 1 Wide Range Current (mA)";"-0.30859375";"mA"
"69519.56553";"Oxygen sensor 1 Wide Range Equivalence ratio";"13.5724512";""
"69520.09253";"Fuel economizer (based on fuel system status and throttle position)";"1";""
"69520.09253";"Throttle position";"10.1960784313725";"%"
"69520.36553";"Calculated boost";"-0.57794449458186";"bar"
"69520.36553";"Calculated instant fuel rate";"1.33348279321765";"L/h"
"69520.36553";"Fuel used";"0.000585752133956809";"L"
"69520.36553";"Fuel used (total)";"0.00795067848098877";"L"
"69520.36553";"Fuel used price";"0.000591609655296377";"$"
"69520.36553";"Fuel used price (total)";"0.01";"$"
"69520.36553";"Instant engine power (based on fuel consumption)";"3.8369856139177";"hp"
"69520.36553";"MAF air flow rate";"3.67";"g/sec"
"69520.63353";"Intake air temperature";"44";"℃"
"69520.89053";"Average speed";"0";"km/h"
"69520.89053";"Distance travelled";"0";"km"
"69520.89053";"Distance travelled (total)";"0";"km"
"69520.89053";"Vehicle acceleration";"0";"m_sec2"
"69520.89053";"Vehicle speed";"0";"km/h"
"69521.15453";"Engine RPM";"703";"rpm"
"69521.41253";"Oxygen sensor 1 Wide Range Current (mA)";"-0.05078125";"mA"
"69521.41253";"Oxygen sensor 1 Wide Range Equivalence ratio";"14.5050192";""
"69521.94453";"Fuel economizer (based on fuel system status and throttle position)";"1";""
"69521.94453";"Throttle position";"10.1960784313725";"%"
"69522.20253";"Calculated boost";"-0.519448231031744";"bar"
"69522.20253";"Calculated instant fuel rate";"1.21035099240418";"L/h"
"69522.20253";"Fuel used";"0.00120364431734404";"L"
"69522.20253";"Fuel used (total)";"0.008568570664376";"L"
"69522.20253";"Fuel used price";"0.00121568076051748";"$"
"69522.20253";"Fuel used price (total)";"0.01";"$"
"69522.20253";"Instant engine power (based on fuel consumption)";"3.48268411806032";"hp"
"69522.20253";"MAF air flow rate";"3.56";"g/sec"
"69522.46553";"Average speed";"0";"km/h"
"69522.46553";"Distance travelled";"0";"km"
"69522.46553";"Distance travelled (total)";"0";"km"
"69522.46553";"Vehicle acceleration";"0";"m_sec2"
"69522.46553";"Vehicle speed";"0";"km/h"
"69522.72453";"Engine RPM";"698";"rpm"
"69522.99553";"Oxygen sensor 1 Wide Range Current (mA)";"0.0546875";"mA"
"69522.99553";"Oxygen sensor 1 Wide Range Equivalence ratio";"15.0071712";""
"69523.51153";"Fuel economizer (based on fuel system status and throttle position)";"1";""
"69523.51153";"Throttle position";"10.1960784313725";"%"
"69523.76953";"Calculated boost";"-0.501940771578529";"bar"
"69523.76953";"Calculated instant fuel rate";"1.20271267835561";"L/h"
"69523.76953";"Fuel used";"0.00172693698651627";"L"
"69523.76953";"Fuel used (total)";"0.00909186333354823";"L"
"69523.76953";"Fuel used price";"0.00174420635638143";"$"
"69523.76953";"Fuel used price (total)";"0.01";"$"
"69523.76953";"Instant engine power (based on fuel consumption)";"3.46070550591173";"hp"
"69523.76953";"MAF air flow rate";"3.66";"g/sec"
"69524.03253";"Average speed";"0";"km/h"
"69524.03253";"Distance travelled";"0";"km"
"69524.03253";"Distance travelled (total)";"0";"km"
"69524.03253";"Vehicle acceleration";"0";"m_sec2"
"69524.03253";"Vehicle speed";"0";"km/h"
"69524.31653";"Engine RPM";"810";"rpm"
"69524.58653";"Oxygen sensor 1 Wide Range Current (mA)";"0.046875";"mA"
"69524.58653";"Oxygen sensor 1 Wide Range Equivalence ratio";"14.921088";""
"69525.11453";"Fuel economizer (based on fuel system status and throttle position)";"1";""
"69525.11453";"Throttle position";"10.1960784313725";"%"
"69525.37253";"Calculated boost";"-0.587086538254341";"bar"
"69525.37253";"Calculated instant fuel rate";"1.16999070353149";"L/h"
"69525.37253";"Fuel used";"0.0022479044020328";"L"
"69525.37253";"Fuel used (total)";"0.00961283074906476";"L"
"69525.37253";"Fuel used price";"0.00227038344605313";"$"
"69525.37253";"Fuel used price (total)";"0.01";"$"
"69525.37253";"Instant engine power (based on fuel consumption)";"3.36655075018658";"hp"
"69525.37253";"MAF air flow rate";"3.54";"g/sec"
"69525.62953";"Average speed";"0";"km/h"
"69525.62953";"Distance travelled";"0";"km"
"69525.62953";"Distance travelled (total)";"0";"km"
"69525.62953";"Vehicle acceleration";"0";"m_sec2"
"69525.62953";"Vehicle speed";"0";"km/h"
"69525.89253";"Engine RPM";"798";"rpm"
"69526.15653";"Oxygen sensor 1 Wide Range Current (mA)";"-0.2109375";"mA"
"69526.15653";"Oxygen sensor 1 Wide Range Equivalence ratio";"13.9454784";""
"69526.67253";"Fuel economizer (based on fuel system status and throttle position)";"1";""
"69526.67253";"Throttle position";"10.1960784313725";"%"
"69526.93453";"Calculated boost";"-0.629556249874719";"bar"
"69526.93453";"Calculated instant fuel rate";"1.11039084229978";"L/h"
"69526.93453";"Fuel used";"0.00272981587824231";"L"
"69526.93453";"Fuel used (total)";"0.0100947422252743";"L"
"69526.93453";"Fuel used price";"0.00275711403702473";"$"
"69526.93453";"Fuel used price (total)";"0.01";"$"
"69526.93453";"Instant engine power (based on fuel consumption)";"3.19505711614741";"hp"
"69526.93453";"MAF air flow rate";"3.14";"g/sec"
"69527.20953";"Average speed";"0";"km/h"
"69527.20953";"Distance travelled";"0";"km"
"69527.20953";"Distance travelled (total)";"0";"km"
"69527.20953";"Vehicle acceleration";"0";"m_sec2"
"69527.20953";"Vehicle speed";"0";"km/h"
"69527.47253";"Engine RPM";"698";"rpm"
"69527.73653";"Oxygen sensor 1 Wide Range Current (mA)";"-0.78125";"mA"
"69527.73653";"Oxygen sensor 1 Wide Range Equivalence ratio";"12.2238144";""
"69528.25953";"Fuel economizer (based on fuel system status and throttle position)";"1";""
"69528.25953";"Throttle position";"10.1960784313725";"%"
"69528.52253";"Calculated boost";"-0.48936759383046";"bar"
"69528.52253";"Calculated instant fuel rate";"1.51287888377392";"L/h"
"69528.52253";"Fuel used";"0.00339705648543492";"L"
"69528.52253";"Fuel used (total)";"0.0107619828324669";"L"
"69528.52253";"Fuel used price";"0.00343102705028926";"$"
"69528.52253";"Fuel used price (total)";"0.01";"$"
"69528.52253";"Instant engine power (based on fuel consumption)";"4.35318291481913";"hp"
"69528.52253";"MAF air flow rate";"3.75";"g/sec"
"69528.78153";"Average speed";"0";"km/h"
"69528.78153";"Distance travelled";"0";"km"
"69528.78153";"Distance travelled (total)";"0";"km"
"69528.78153";"Vehicle acceleration";"0";"m_sec2"
"69528.78153";"Vehicle speed";"0";"km/h"
"69529.04953";"Engine RPM";"722";"rpm"
"69529.31453";"Oxygen sensor 1 Wide Range Current (mA)";"-0.88671875";"mA"
"69529.31453";"Oxygen sensor 1 Wide Range Equivalence ratio";"11.8651344";""
"69529.85153";"Fuel economizer (based on fuel system status and throttle position)";"1";""
"69529.85153";"Throttle position";"10.1960784313725";"%"
"69530.11953";"Calculated boost";"-0.517586618803966";"bar"
"69530.11953";"Calculated instant fuel rate";"1.52536242126227";"L/h"
"69530.11953";"Fuel used";"0.00407389148539041";"L"
"69530.11953";"Fuel used (total)";"0.0114388178324224";"L"
"69530.11953";"Fuel used price";"0.00411463040024431";"$"
"69530.11953";"Fuel used price (total)";"0.01";"$"
"69530.11953";"Instant engine power (based on fuel consumption)";"4.38910325364709";"hp"
"69530.11953";"MAF air flow rate";"3.67";"g/sec"
"69530.38253";"Average speed";"0";"km/h"
"69530.38253";"Distance travelled";"0";"km"
"69530.38253";"Distance travelled (total)";"0";"km"
"69530.38253";"Vehicle acceleration";"0";"m_sec2"
"69530.38253";"Vehicle speed";"0";"km/h"
"69530.64553";"Engine RPM";"712";"rpm"
"69530.90553";"Oxygen sensor 1 Wide Range Current (mA)";"-0.359375";"mA"
"69530.90553";"Oxygen sensor 1 Wide Range Equivalence ratio";"13.414632";""
"69531.42153";"Fuel economizer (based on fuel system status and throttle position)";"1";""
"69531.42153";"Throttle position";"10.1960784313725";"%"
"69531.67853";"Calculated boost";"-0.511994604721648";"bar"
"69531.67853";"Calculated instant fuel rate";"1.34549461129408";"L/h"
"69531.67853";"Fuel used";"0.00465638088214537";"L"
"69531.67853";"Fuel used (total)";"0.0120213072291773";"L"
"69531.67853";"Fuel used price";"0.00470294469096683";"$"
"69531.67853";"Fuel used price (total)";"0.01";"$"
"69531.67853";"Instant engine power (based on fuel consumption)";"3.87154861944778";"hp"
"69531.67853";"MAF air flow rate";"3.66";"g/sec"
"69531.94153";"Average speed";"0";"km/h"
"69531.94153";"Distance travelled";"0";"km"
"69531.94153";"Distance travelled (total)";"0";"km"
"69531.94153";"Vehicle acceleration";"0";"m_sec2"
"69531.94153";"Vehicle speed";"0";"km/h"
"69532.20453";"Engine RPM";"702";"rpm"
"69532.46353";"Oxygen sensor 1 Wide Range Current (mA)";"0.02734375";"mA"
"69532.46353";"Oxygen sensor 1 Wide Range Equivalence ratio";"14.8636992";""
"69533.00053";"Fuel economizer (based on fuel system status and throttle position)";"1";""
"69533.00053";"Throttle position";"10.1960784313725";"%"
"69533.26153";"Calculated boost";"-0.513188571615263";"bar"
"69533.26153";"Calculated instant fuel rate";"1.1944149581239";"L/h"
"69533.26153";"Fuel used";"0.00518180163339416";"L"
"69533.26153";"Fuel used (total)";"0.0125467279804261";"L"
"69533.26153";"Fuel used price";"0.0052336196497281";"$"
"69533.26153";"Fuel used price (total)";"0.01";"$"
"69533.26153";"Instant engine power (based on fuel consumption)";"3.43682950742168";"hp"
"69533.26153";"MAF air flow rate";"3.6";"g/sec"
"69533.52153";"Average speed";"0";"km/h"
"69533.52153";"Distance travelled";"0";"km"
"69533.52153";"Distance travelled (total)";"0";"km"
"69533.52153";"Vehicle acceleration";"0";"m_sec2"
"69533.52153";"Vehicle speed";"0";"km/h"
"69533.78453";"Engine RPM";"702";"rpm"
"69534.04853";"Oxygen sensor 1 Wide Range Current (mA)";"0.08203125";"mA"
"69534.04853";"Oxygen sensor 1 Wide Range Equivalence ratio";"15.1219488";""
"69534.56853";"Fuel economizer (based on fuel system status and throttle position)";"1";""
"69534.56853";"Throttle position";"10.1960784313725";"%"
"69534.83353";"Calculated boost";"-0.503465154952227";"bar"
"69534.83353";"Calculated instant fuel rate";"1.19684508765076";"L/h"
"69534.83353";"Fuel used";"0.00570444027872646";"L"
"69534.83353";"Fuel used (total)";"0.0130693666257584";"L"
"69534.83353";"Fuel used price";"0.00576148468151373";"$"
"69534.83353";"Fuel used price (total)";"0.01";"$"
"69534.83353";"Instant engine power (based on fuel consumption)";"3.44382200262442";"hp"
"69534.83353";"MAF air flow rate";"3.67";"g/sec"
"69535.09253";"Average speed";"0";"km/h"
"69535.09253";"Distance travelled";"0";"km"
"69535.09253";"Distance travelled (total)";"0";"km"
"69535.09253";"Vehicle acceleration";"0";"m_sec2"
"69535.09253";"Vehicle speed";"0";"km/h"
"69535.35053";"Engine RPM";"708";"rpm"
"69535.63553";"Oxygen sensor 1 Wide Range Current (mA)";"0.0546875";"mA"
"69535.63553";"Oxygen sensor 1 Wide Range Equivalence ratio";"15.0071712";""
"69536.14953";"Fuel economizer (based on fuel system status and throttle position)";"1";""
"69536.14953";"Throttle position";"10.1960784313725";"%"
"69536.41353";"Calculated boost";"-0.51053994116831";"bar"
"69536.41353";"Calculated instant fuel rate";"1.19942657814152";"L/h"
"69536.41353";"Fuel used";"0.00623076748554876";"L"
"69536.41353";"Fuel used (total)";"0.0135956938325807";"L"
"69536.41353";"Fuel used price";"0.00629307516040424";"$"
"69536.41353";"Fuel used price (total)";"0.01";"$"
"69536.41353";"Instant engine power (based on fuel consumption)";"3.45125002638739";"hp"
"69536.41353";"MAF air flow rate";"3.65";"g/sec"
"69536.67253";"Average speed";"0";"km/h"
"69536.67253";"Distance travelled";"0";"km"
"69536.67253";"Distance travelled (total)";"0";"km"
"69536.67253";"Vehicle acceleration";"0";"m_sec2"
"69536.67253";"Vehicle speed";"0";"km/h"
"69536.93053";"Engine RPM";"724";"rpm"
"69537.20453";"Oxygen sensor 1 Wide Range Current (mA)";"-0.01171875";"mA"
"69537.20453";"Oxygen sensor 1 Wide Range Equivalence ratio";"14.6771856";""
"69537.73253";"Fuel economizer (based on fuel system status and throttle position)";"1";""
"69537.73253";"Throttle position";"10.1960784313725";"%"
"69537.99153";"Calculated boost";"-0.528383808389385";"bar"
"69537.99153";"Calculated instant fuel rate";"1.2095932518244";"L/h"
"69537.99153";"Fuel used";"0.0067608243524251";"L"
"69537.99153";"Fuel used (total)";"0.0141257506994571";"L"
"69537.99153";"Fuel used price";"0.00682843259594936";"$"
"69537.99153";"Fuel used price (total)";"0.01";"$"
"69537.99153";"Instant engine power (based on fuel consumption)";"3.48050378268706";"hp"
"69537.99153";"MAF air flow rate";"3.6";"g/sec"
"69538.25053";"Average speed";"0";"km/h"
"69538.25053";"Distance travelled";"0";"km"
"69538.25053";"Distance travelled (total)";"0";"km"
"69538.25053";"Vehicle acceleration";"0";"m_sec2"
"69538.25053";"Vehicle speed";"0";"km/h"
"69538.52953";"Engine RPM";"718";"rpm"
"69538.79253";"Oxygen sensor 1 Wide Range Current (mA)";"-0.54296875";"mA"
"69538.79253";"Oxygen sensor 1 Wide Range Equivalence ratio";"12.8263968";""
"69539.30953";"Fuel economizer (based on fuel system status and throttle position)";"1";""
"69539.30953";"Throttle position";"10.1960784313725";"%"
"69539.57453";"Calculated boost";"-0.53112252952739";"bar"
"69539.57453";"Calculated instant fuel rate";"1.36490782158466";"L/h"
"69539.57453";"Fuel used";"0.00736115756045093";"L"
"69539.57453";"Fuel used (total)";"0.0147260839074829";"L"
"69539.57453";"Fuel used price";"0.00743476913605544";"$"
"69539.57453";"Fuel used price (total)";"0.01";"$"
"69539.57453";"Instant engine power (based on fuel consumption)";"3.9274085142914";"hp"
"69539.57453";"MAF air flow rate";"3.55";"g/sec"
"69539.83353";"Average speed";"0";"km/h"
"69539.83353";"Distance travelled";"0";"km"
"69539.83353";"Distance travelled (total)";"0";"km"
"69539.83353";"Vehicle acceleration";"0";"m_sec2"
"69539.83353";"Vehicle speed";"0";"km/h"
"69540.09053";"Engine RPM";"703";"rpm"
"69540.35453";"Oxygen sensor 1 Wide Range Current (mA)";"-1.22265625";"mA"
"69540.35453";"Oxygen sensor 1 Wide Range Equivalence ratio";"11.0329968";""
"69540.89053";"Fuel economizer (based on fuel system status and throttle position)";"1";""
"69540.89053";"Throttle position";"10.1960784313725";"%"
"69541.15553";"Calculated boost";"-0.522222398273138";"bar"
"69541.15553";"Calculated instant fuel rate";"1.58230212181112";"L/h"
"69541.15553";"Fuel used";"0.00805593547788185";"L"
"69541.15553";"Fuel used (total)";"0.0154208618249138";"L"
"69541.15553";"Fuel used price";"0.00813649483266067";"$"
"69541.15553";"Fuel used price (total)";"0.01";"$"
"69541.15553";"Instant engine power (based on fuel consumption)";"4.55294249700136";"hp"
"69541.15553";"MAF air flow rate";"3.54";"g/sec"
"69541.41853";"Average speed";"0";"km/h"
"69541.41853";"Distance travelled";"0";"km"
"69541.41853";"Distance travelled (total)";"0";"km"
"69541.41853";"Vehicle acceleration";"0";"m_sec2"
"69541.41853";"Vehicle speed";"0";"km/h"
"69541.68153";"Engine RPM";"710";"rpm"
"69541.94553";"Oxygen sensor 1 Wide Range Current (mA)";"-1.40234375";"mA"
"69541.94553";"Oxygen sensor 1 Wide Range Equivalence ratio";"10.6312752";""
"69542.45953";"Fuel economizer (based on fuel system status and throttle position)";"1";""
"69542.45953";"Throttle position";"10.1960784313725";"%"
"69542.71253";"Calculated boost";"-0.510582617692695";"bar"
"69542.71253";"Calculated instant fuel rate";"1.69775635838052";"L/h"
"69542.71253";"Fuel used";"0.00879022378030281";"L"
"69542.71253";"Fuel used (total)";"0.0161551501273348";"L"
"69542.71253";"Fuel used price";"0.00887812601810584";"$"
"69542.71253";"Fuel used price (total)";"0.01";"$"
"69542.71253";"Instant engine power (based on fuel consumption)";"4.88515244154342";"hp"
"69542.71253";"MAF air flow rate";"3.66";"g/sec"
"69542.97753";"Average speed";"0";"km/h"
"69542.97753";"Distance travelled";"0";"km"
"69542.97753";"Distance travelled (total)";"0";"km"
"69542.97753";"Vehicle acceleration";"0";"m_sec2"
"69542.97753";"Vehicle speed";"0";"km/h"
"69543.23753";"Engine RPM";"722";"rpm"
"69543.51453";"Oxygen sensor 1 Wide Range Current (mA)";"-0.94140625";"mA"
"69543.51453";"Oxygen sensor 1 Wide Range Equivalence ratio";"11.6642736";""
"69544.04253";"Fuel economizer (based on fuel system status and throttle position)";"1";""
"69544.04253";"Throttle position";"10.1960784313725";"%"
"69544.30353";"Calculated boost";"-0.533793595845798";"bar"
"69544.30353";"Calculated instant fuel rate";"1.5008949477204";"L/h"
"69544.30353";"Fuel used";"0.0094535404251359";"L"
"69544.30353";"Fuel used (total)";"0.0168184667721679";"L"
"69544.30353";"Fuel used price";"0.00954807582938726";"$"
"69544.30353";"Fuel used price (total)";"0.01";"$"
"69544.30353";"Instant engine power (based on fuel consumption)";"4.31870013748649";"hp"
"69544.30353";"MAF air flow rate";"3.55";"g/sec"
"69544.56153";"Average speed";"0";"km/h"
"69544.56153";"Distance travelled";"0";"km"
"69544.56153";"Distance travelled (total)";"0";"km"
"69544.56153";"Vehicle acceleration";"0";"m_sec2"
"69544.56153";"Vehicle speed";"0";"km/h"
"69544.81853";"Engine RPM";"712";"rpm"
"69545.08253";"Oxygen sensor 1 Wide Range Current (mA)";"-0.33984375";"mA"
"69545.08253";"Oxygen sensor 1 Wide Range Equivalence ratio";"13.414632";""
"69545.59953";"Fuel economizer (based on fuel system status and throttle position)";"1";""
"69545.59953";"Throttle position";"10.1960784313725";"%"
"69545.85253";"Calculated boost";"-0.543494260709085";"bar"
"69545.85253";"Calculated instant fuel rate";"1.26094167124008";"L/h"
"69545.85253";"Fuel used";"0.00999607823237034";"L"
"69545.85253";"Fuel used (total)";"0.0173610045794023";"L"
"69545.85253";"Fuel used price";"0.010096039014694";"$"
"69545.85253";"Fuel used price (total)";"0.01";"$"
"69545.85253";"Instant engine power (based on fuel consumption)";"3.62825458052073";"hp"
"69545.85253";"MAF air flow rate";"3.43";"g/sec"
"69546.11153";"Average speed";"0";"km/h"
"69546.11153";"Distance travelled";"0";"km"
"69546.11153";"Distance travelled (total)";"0";"km"
"69546.11153";"Vehicle acceleration";"0";"m_sec2"
"69546.11153";"Vehicle speed";"0";"km/h"
"69546.37353";"Engine RPM";"706";"rpm"
"69546.63253";"Oxygen sensor 1 Wide Range Current (mA)";"-0.12890625";"mA"
"69546.63253";"Oxygen sensor 1 Wide Range Equivalence ratio";"14.2324224";""
"69551.95053";"OBD Module Voltage";"13.6";"V"
"69552.01853";"OBD Module Voltage";"13.6";"V"
"69552.08653";"OBD Module Voltage";"13.6";"V"
"69552.15353";"OBD Module Voltage";"13.7";"V"
"69552.22153";"OBD Module Voltage";"13.6";"V"
"69552.29753";"OBD Module Voltage";"13.6";"V"
"69552.35753";"OBD Module Voltage";"13.6";"V"
"69552.43153";"OBD Module Voltage";"13.6";"V"
"69552.49853";"OBD Module Voltage";"13.7";"V"
"69552.56753";"OBD Module Voltage";"13.6";"V"
"69552.63553";"OBD Module Voltage";"13.7";"V"
"69552.70453";"OBD Module Voltage";"13.6";"V"
"69552.77853";"OBD Module Voltage";"13.6";"V"
"69552.85153";"OBD Module Voltage";"13.6";"V"
"69552.92053";"OBD Module Voltage";"13.7";"V"
"69552.99353";"OBD Module Voltage";"13.6";"V"
"69553.06753";"OBD Module Voltage";"13.6";"V"
"69553.13653";"OBD Module Voltage";"13.6";"V"
"69553.20953";"OBD Module Voltage";"13.7";"V"
"69553.28853";"OBD Module Voltage";"13.7";"V"
"69553.35653";"OBD Module Voltage";"13.6";"V"
"69553.42953";"OBD Module Voltage";"13.7";"V"
"69553.50253";"OBD Module Voltage";"13.6";"V"
"69553.57653";"OBD Module Voltage";"13.6";"V"
"69553.64553";"OBD Module Voltage";"13.6";"V"
"69553.71853";"OBD Module Voltage";"13.5";"V"
"69553.78753";"OBD Module Voltage";"13.6";"V"
"69553.85453";"OBD Module Voltage";"13.7";"V"
"69553.92353";"OBD Module Voltage";"13.6";"V"
"69553.99753";"OBD Module Voltage";"13.7";"V"
"69554.07053";"OBD Module Voltage";"13.6";"V"
"69554.14453";"OBD Module Voltage";"13.7";"V"
"69554.21253";"OBD Module Voltage";"13.6";"V"
"69554.28053";"OBD Module Voltage";"13.7";"V"
"69554.35353";"OBD Module Voltage";"13.6";"V"
"69554.42153";"OBD Module Voltage";"13.7";"V"
"69554.48953";"OBD Module Voltage";"13.6";"V"
"69554.55753";"OBD Module Voltage";"13.6";"V"
"69554.62653";"OBD Module Voltage";"13.6";"V"
"69554.69553";"OBD Module Voltage";"13.7";"V"
"69554.76353";"OBD Module Voltage";"13.7";"V"
"69554.83253";"OBD Module Voltage";"13.6";"V"
"69554.90053";"OBD Module Voltage";"13.7";"V"
"69554.97053";"OBD Module Voltage";"13.6";"V"
"69555.10553";"OBD Module Voltage";"13.7";"V"
"69555.17853";"OBD Module Voltage";"13.8";"V"
"69555.25153";"OBD Module Voltage";"13.7";"V"
"69555.32453";"OBD Module Voltage";"13.7";"V"
"69555.39353";"OBD Module Voltage";"13.7";"V"
"69555.46553";"OBD Module Voltage";"13.7";"V"
"69555.54153";"OBD Module Voltage";"13.6";"V"
"69555.61353";"OBD Module Voltage";"13.7";"V"
"69555.69253";"OBD Module Voltage";"13.6";"V"
"69555.76453";"OBD Module Voltage";"12.9";"V"
"69555.83153";"OBD Module Voltage";"12.9";"V"
"69555.89953";"OBD Module Voltage";"12.8";"V"
"69555.97453";"OBD Module Voltage";"12.9";"V"
"69556.04653";"OBD Module Voltage";"12.8";"V"
"69556.11353";"OBD Module Voltage";"12.9";"V"
"69556.18353";"OBD Module Voltage";"12.9";"V"
"69556.26153";"OBD Module Voltage";"12.9";"V"
"69556.33453";"OBD Module Voltage";"13";"V"
"69556.40853";"OBD Module Voltage";"13";"V"
"69556.47753";"OBD Module Voltage";"13";"V"
"69556.54553";"OBD Module Voltage";"13";"V"
"69556.61353";"OBD Module Voltage";"13";"V"
"69556.68153";"OBD Module Voltage";"13";"V"
"69556.74853";"OBD Module Voltage";"13.1";"V"
"69556.81753";"OBD Module Voltage";"13.1";"V"
"69556.88553";"OBD Module Voltage";"13.1";"V"
"69556.95253";"OBD Module Voltage";"13.1";"V"
"69557.02653";"OBD Module Voltage";"13.2";"V"
"69557.09953";"OBD Module Voltage";"13.3";"V"
"69557.16753";"OBD Module Voltage";"13.3";"V"
"69557.24153";"OBD Module Voltage";"13.3";"V"
"69557.31153";"OBD Module Voltage";"13.5";"V"
"69557.38453";"OBD Module Voltage";"13.6";"V"
"69557.45353";"OBD Module Voltage";"13.5";"V"
"69557.53353";"OBD Module Voltage";"13.6";"V"
"69557.60753";"OBD Module Voltage";"13.5";"V"
"69557.67553";"OBD Module Voltage";"13.5";"V"
"69557.74453";"OBD Module Voltage";"13.5";"V"
"69557.81353";"OBD Module Voltage";"13.6";"V"
"69557.88753";"OBD Module Voltage";"13.5";"V"
"69557.96053";"OBD Module Voltage";"13.6";"V"
"69558.02853";"OBD Module Voltage";"13.5";"V"
"69558.09653";"OBD Module Voltage";"13.6";"V"
"69558.17053";"OBD Module Voltage";"13.5";"V"
"69558.23953";"OBD Module Voltage";"13.6";"V"
"69558.37553";"OBD Module Voltage";"13.5";"V"
"69558.44353";"OBD Module Voltage";"13.6";"V"
"69558.51353";"OBD Module Voltage";"13.5";"V"
"69558.58253";"OBD Module Voltage";"13.6";"V"
"69558.65153";"OBD Module Voltage";"13.5";"V"
"69558.71953";"OBD Module Voltage";"13.6";"V"
"69558.78753";"OBD Module Voltage";"13.5";"V"
"69558.85853";"OBD Module Voltage";"13.6";"V"
"69558.92953";"OBD Module Voltage";"13.5";"V"
"69558.99653";"OBD Module Voltage";"13.6";"V"
"69559.07053";"OBD Module Voltage";"13.6";"V"
"69559.13853";"OBD Module Voltage";"13.6";"V"
"69559.20653";"OBD Module Voltage";"13.6";"V"
"69559.27453";"OBD Module Voltage";"13.6";"V"
"69559.34753";"OBD Module Voltage";"13.5";"V"
"69559.41753";"OBD Module Voltage";"13.5";"V"
"69559.48553";"OBD Module Voltage";"13.5";"V"
"69559.55453";"OBD Module Voltage";"13.5";"V"
"69559.62753";"OBD Module Voltage";"13.5";"V"
"69559.69553";"OBD Module Voltage";"13.6";"V"
"69559.76753";"OBD Module Voltage";"13.6";"V"
"69559.83453";"OBD Module Voltage";"13.5";"V"
"69560.16153";"OBD Module Voltage";"13.5";"V"
"69560.22853";"OBD Module Voltage";"13.6";"V"
"69560.29753";"OBD Module Voltage";"13.6";"V"
"69560.36453";"OBD Module Voltage";"13.5";"V"
"69560.43253";"OBD Module Voltage";"13.6";"V"
"69560.50153";"OBD Module Voltage";"13.5";"V"
"69560.56953";"OBD Module Voltage";"13.6";"V"
"69560.63953";"OBD Module Voltage";"13.5";"V"
"69560.70753";"OBD Module Voltage";"13.6";"V"
"69560.78553";"OBD Module Voltage";"13.5";"V"
"69560.85953";"OBD Module Voltage";"13.6";"V"
"69560.93853";"OBD Module Voltage";"13.5";"V"
"69561.00753";"OBD Module Voltage";"13.6";"V"
"69561.07653";"OBD Module Voltage";"13.6";"V"
"69561.14453";"OBD Module Voltage";"13.6";"V"
"69561.21453";"OBD Module Voltage";"13.5";"V"
"69561.28253";"OBD Module Voltage";"13.5";"V"
"69561.35053";"OBD Module Voltage";"13.6";"V"
"69561.41953";"OBD Module Voltage";"13.5";"V"
"69561.48753";"OBD Module Voltage";"13.5";"V"
"69561.55553";"OBD Module Voltage";"13.5";"V"
"69561.63453";"OBD Module Voltage";"13.5";"V"
"69561.70253";"OBD Module Voltage";"13.2";"V"
"69562.03553";"OBD Module Voltage";"12.7";"V"
"69562.10253";"OBD Module Voltage";"12.8";"V"
"69562.17053";"OBD Module Voltage";"12.7";"V"
"69562.23853";"OBD Module Voltage";"12.7";"V"
"69562.30653";"OBD Module Voltage";"12.7";"V"
"69562.37553";"OBD Module Voltage";"12.7";"V"
"69562.44253";"OBD Module Voltage";"12.8";"V"
"69562.51253";"OBD Module Voltage";"12.7";"V"
"69562.58053";"OBD Module Voltage";"12.8";"V"
"69562.64753";"OBD Module Voltage";"12.8";"V"
"69562.71553";"OBD Module Voltage";"12.8";"V"
"69562.78953";"OBD Module Voltage";"12.8";"V"
"69562.85853";"OBD Module Voltage";"12.8";"V"
"69562.92653";"OBD Module Voltage";"12.9";"V"
"69563.00053";"OBD Module Voltage";"13";"V"
"69563.07953";"OBD Module Voltage";"13";"V"
"69563.40153";"OBD Module Voltage";"13.4";"V"
"69563.47453";"OBD Module Voltage";"13.5";"V"
"69563.54653";"OBD Module Voltage";"13.6";"V"
"69563.61853";"OBD Module Voltage";"13.5";"V"
"69563.70953";"OBD Module Voltage";"13.5";"V"
"69563.75453";"OBD Module Voltage";"13.5";"V"
"69563.82253";"OBD Module Voltage";"13.5";"V"
"69563.89053";"OBD Module Voltage";"13.5";"V"
"69563.96353";"OBD Module Voltage";"13.5";"V"
"69564.03253";"OBD Module Voltage";"13.5";"V"
"69564.10153";"OBD Module Voltage";"13.6";"V"
"69564.18053";"OBD Module Voltage";"13.5";"V"
"69564.24853";"OBD Module Voltage";"13.5";"V"
"69564.31653";"OBD Module Voltage";"13.5";"V"
"69564.38453";"OBD Module Voltage";"13.5";"V"
"69564.45353";"OBD Module Voltage";"13.5";"V"
"69564.52253";"OBD Module Voltage";"13.6";"V"
"69564.59153";"OBD Module Voltage";"13.5";"V"
"69564.65953";"OBD Module Voltage";"13.5";"V"
"69564.73353";"OBD Module Voltage";"13.5";"V"
"69564.80653";"OBD Module Voltage";"13.6";"V"
"69564.88053";"OBD Module Voltage";"13.5";"V"
"69564.94853";"OBD Module Voltage";"13.5";"V"
"69565.01653";"OBD Module Voltage";"13.5";"V"
"69565.08553";"OBD Module Voltage";"13.5";"V"
"69565.15453";"OBD Module Voltage";"13.5";"V"
"69565.22353";"OBD Module Voltage";"13.5";"V"
"69565.29153";"OBD Module Voltage";"13.5";"V"
"69565.35953";"OBD Module Voltage";"13.5";"V"
"69565.42853";"OBD Module Voltage";"13.6";"V"
"69565.49853";"OBD Module Voltage";"13.5";"V"
"69565.56553";"OBD Module Voltage";"13.5";"V"
"69565.63353";"OBD Module Voltage";"13.5";"V"
"69565.70253";"OBD Module Voltage";"13.6";"V"
"69565.77153";"OBD Module Voltage";"13.5";"V"
"69565.84153";"OBD Module Voltage";"13.5";"V"
"69565.91353";"OBD Module Voltage";"13.6";"V"
"69565.98653";"OBD Module Voltage";"13.5";"V"
"69566.05453";"OBD Module Voltage";"13.6";"V"
"69566.12753";"OBD Module Voltage";"13.5";"V"
"69566.20353";"OBD Module Voltage";"13.5";"V"
"69566.27153";"OBD Module Voltage";"13.5";"V"
"69566.34153";"OBD Module Voltage";"13.6";"V"
"69566.40953";"OBD Module Voltage";"13.5";"V"
"69566.55053";"OBD Module Voltage";"13.5";"V"
"69566.62253";"OBD Module Voltage";"13.5";"V"
"69566.72253";"OBD Module Voltage";"13.5";"V"
"69566.76553";"OBD Module Voltage";"13.6";"V"
"69566.83553";"OBD Module Voltage";"13.5";"V"
"69566.90353";"OBD Module Voltage";"13.5";"V"
"69566.97153";"OBD Module Voltage";"13.5";"V"
"69567.03953";"OBD Module Voltage";"13.5";"V"
"69567.10853";"OBD Module Voltage";"13.5";"V"
"69567.18153";"OBD Module Voltage";"13.5";"V"
"69567.24953";"OBD Module Voltage";"13.6";"V"
"69567.31853";"OBD Module Voltage";"13.5";"V"
"69567.39153";"OBD Module Voltage";"13.6";"V"
"69567.45953";"OBD Module Voltage";"13.5";"V"
"69567.52853";"OBD Module Voltage";"13.5";"V"
"69567.59753";"OBD Module Voltage";"13.6";"V"
"69567.66853";"OBD Module Voltage";"13.5";"V"
"69567.74053";"OBD Module Voltage";"13.6";"V"
"69567.80853";"OBD Module Voltage";"13.5";"V"
"69567.88153";"OBD Module Voltage";"13.5";"V"
"69567.95053";"OBD Module Voltage";"13.6";"V"
"69568.02853";"OBD Module Voltage";"13.5";"V"
"69568.09753";"OBD Module Voltage";"13.5";"V"
"69568.16453";"OBD Module Voltage";"13.5";"V"
"69568.23253";"OBD Module Voltage";"13.5";"V"
"69568.30053";"OBD Module Voltage";"13.5";"V"
"69568.36953";"OBD Module Voltage";"13.5";"V"
"69568.46053";"OBD Module Voltage";"13.6";"V"
"69568.50453";"OBD Module Voltage";"13.5";"V"
"69568.57253";"OBD Module Voltage";"13.5";"V"
"69568.63953";"OBD Module Voltage";"13.5";"V"
"69568.70753";"OBD Module Voltage";"13.5";"V"
"69568.77653";"OBD Module Voltage";"13.5";"V"
"69568.84453";"OBD Module Voltage";"13.5";"V"
"69568.91353";"OBD Module Voltage";"13.5";"V"
"69568.98153";"OBD Module Voltage";"13.5";"V"
"69569.04953";"OBD Module Voltage";"13.5";"V"
"69569.11853";"OBD Module Voltage";"13.5";"V"
"69569.18653";"OBD Module Voltage";"13.5";"V"
"69569.25353";"OBD Module Voltage";"13.5";"V"
"69569.32153";"OBD Module Voltage";"13.6";"V"
"69569.38953";"OBD Module Voltage";"13.5";"V"
"69569.45853";"OBD Module Voltage";"13.5";"V"
"69569.53253";"OBD Module Voltage";"13.5";"V"
"69569.60053";"OBD Module Voltage";"13.6";"V"
"69569.66853";"OBD Module Voltage";"13.5";"V"
"69569.73753";"OBD Module Voltage";"13.6";"V"
"69569.83253";"OBD Module Voltage";"13.4";"V"
"69569.91053";"OBD Module Voltage";"13.6";"V"
"69569.99053";"OBD Module Voltage";"13.5";"V"
"69570.06853";"OBD Module Voltage";"13.5";"V"
"69570.14353";"OBD Module Voltage";"13.6";"V"
"69572.46053";"Vehicle acceleration";"0";"m_sec2"
"69572.46053";"Vehicle speed";"0";"km/h"
"69572.72553";"Oxygen sensor 1 Wide Range Current (mA)";"-0.4375";"mA"
"69572.72553";"Oxygen sensor 1 Wide Range Equivalence ratio";"13.1420352";""
"69573.23953";"Fuel economizer (based on fuel system status and throttle position)";"1";""
"69573.23953";"Throttle position";"10.1960784313725";"%"
"69573.50253";"Calculated instant fuel rate";"1.42969036454037";"L/h"
"69573.50253";"Instant engine power (based on fuel consumption)";"4.11381488310121";"hp"
"69573.50253";"MAF air flow rate";"3.81";"g/sec"
"69573.76053";"Engine RPM";"707";"rpm"
"69573.82953";"OBD Module Voltage";"13.6";"V"
"69574.34653";"Calculated engine load value";"4.31372549019608";"%"
"69574.61953";"Engine coolant temperature";"84";"℃"
"69574.88753";"Short term fuel % trim - Bank 1";"-26.5625";"%"
"69575.20053";"Long term fuel % trim - Bank 1";"1.5625";"%"
"69575.46953";"Short term fuel % trim - Bank 2";"-25.78125";"%"
"69575.73353";"Long term fuel % trim - Bank 2";"2.34375";"%"
"69577.95053";"Timing advance";"3";"°"
"69578.20853";"Intake air temperature";"44";"℃"
"69578.73653";"Oxygen sensor 2 Bank 1 Voltage";"0.82";"V"
"69578.99753";"Oxygen sensor 2 Bank 2 Voltage";"0.815";"V"
"69579.51953";"Oxygen sensor 5 Wide Range Current (mA)";"-0.03125";"mA"
"69579.51953";"Oxygen sensor 5 Wide Range Equivalence ratio";"14.6054496";""
"69579.78353";"Distance travelled";"0";"km"
"69579.78353";"Distance travelled (total)";"0";"km"
"69579.78353";"Vehicle acceleration";"0";"m_sec2"
"69579.78353";"Vehicle speed";"0";"km/h"
"69580.05253";"Oxygen sensor 1 Wide Range Current (mA)";"-0.23046875";"mA"
"69580.05253";"Oxygen sensor 1 Wide Range Equivalence ratio";"13.8593952";""
"69605.99753";"Vehicle acceleration";"0";"m_sec2"
"69605.99753";"Vehicle speed";"0";"km/h"
"69606.26053";"Distance travelled";"0";"km"
"69606.26053";"Distance travelled (total)";"0";"km"
"69606.26053";"Vehicle acceleration";"0";"m_sec2"
"69606.26053";"Vehicle speed";"0";"km/h"
"69606.51953";"Average speed";"0";"km/h"
"69606.51953";"Distance travelled";"0";"km"
"69606.51953";"Distance travelled (total)";"0";"km"
"69606.51953";"Vehicle acceleration";"0";"m_sec2"
"69606.51953";"Vehicle speed";"0";"km/h"
"69606.77553";"Average speed";"0";"km/h"
"69606.77553";"Distance travelled";"0";"km"
"69606.77553";"Distance travelled (total)";"0";"km"
"69606.77553";"Vehicle acceleration";"0";"m_sec2"
"69606.77553";"Vehicle speed";"0";"km/h"
"69607.03853";"Average speed";"0";"km/h"
"69607.03853";"Distance travelled";"0";"km"
"69607.03853";"Distance travelled (total)";"0";"km"
"69607.03853";"Vehicle acceleration";"0";"m_sec2"
"69607.03853";"Vehicle speed";"0";"km/h"
"69607.29753";"Average speed";"0";"km/h"
"69607.29753";"Distance travelled";"0";"km"
"69607.29753";"Distance travelled (total)";"0";"km"
"69607.29753";"Vehicle acceleration";"0";"m_sec2"
"69607.29753";"Vehicle speed";"0";"km/h"
"69607.55953";"Average speed";"0";"km/h"
"69607.55953";"Distance travelled";"0";"km"
"69607.55953";"Distance travelled (total)";"0";"km"
"69607.55953";"Vehicle acceleration";"0";"m_sec2"
"69607.55953";"Vehicle speed";"0";"km/h"
"69607.81753";"Average speed";"0";"km/h"
"69607.81753";"Distance travelled";"0";"km"
"69607.81753";"Distance travelled (total)";"0";"km"
"69607.81753";"Vehicle acceleration";"0";"m_sec2"
"69607.81753";"Vehicle speed";"0";"km/h"
"69608.07853";"Average speed";"0";"km/h"
"69608.07853";"Distance travelled";"0";"km"
"69608.07853";"Distance travelled (total)";"0";"km"
"69608.07853";"Vehicle acceleration";"0";"m_sec2"
"69608.07853";"Vehicle speed";"0";"km/h"
"69608.33753";"Average speed";"0";"km/h"
"69608.33753";"Distance travelled";"0";"km"
"69608.33753";"Distance travelled (total)";"0";"km"
"69608.33753";"Vehicle acceleration";"0";"m_sec2"
"69608.33753";"Vehicle speed";"0";"km/h"
"69608.60053";"Average speed";"0";"km/h"
"69608.60053";"Distance travelled";"0";"km"
"69608.60053";"Distance travelled (total)";"0";"km"
"69608.60053";"Vehicle acceleration";"0";"m_sec2"
"69608.60053";"Vehicle speed";"0";"km/h"
"69649.43953";"Vehicle acceleration";"0";"m_sec2"
"69649.43953";"Vehicle speed";"0";"km/h"
"69649.69653";"Oxygen sensor 1 Wide Range Current (mA)";"0.1015625";"mA"
"69649.69653";"Oxygen sensor 1 Wide Range Equivalence ratio";"15.2510736";""
"69650.20553";"Fuel economizer (based on fuel system status and throttle position)";"1";""
"69650.20553";"Throttle position";"10.1960784313725";"%"
"69650.46353";"Calculated instant fuel rate";"1.45186275629964";"L/h"
"69650.46353";"Instant engine power (based on fuel consumption)";"4.17761409268919";"hp"
"69650.46353";"MAF air flow rate";"4.49";"g/sec"
"69650.72653";"Distance travelled";"0";"km"
"69650.72653";"Distance travelled (total)";"0";"km"
"69650.72653";"Vehicle acceleration";"0";"m_sec2"
"69650.72653";"Vehicle speed";"0";"km/h"
"69650.99053";"Oxygen sensor 1 Wide Range Current (mA)";"0.07421875";"mA"
"69650.99053";"Oxygen sensor 1 Wide Range Equivalence ratio";"15.1219488";""
"69651.50153";"Fuel economizer (based on fuel system status and throttle position)";"1";""
"69651.50153";"Throttle position";"10.1960784313725";"%"
"69651.75853";"Calculated instant fuel rate";"1.23924014525147";"L/h"
"69651.75853";"Fuel used";"0.010441710950733";"L"
"69651.75853";"Fuel used (total)";"0.017806637297765";"L"
"69651.75853";"Fuel used price";"0.0105461280602403";"$"
"69651.75853";"Fuel used price (total)";"0.01";"$"
"69651.75853";"Instant engine power (based on fuel consumption)";"3.565810247949";"hp"
"69651.75853";"MAF air flow rate";"3.8";"g/sec"
"69652.02653";"Average speed";"0";"km/h"
"69652.02653";"Distance travelled";"0";"km"
"69652.02653";"Distance travelled (total)";"0";"km"
"69652.02653";"Vehicle acceleration";"0";"m_sec2"
"69652.02653";"Vehicle speed";"0";"km/h"
"69652.29653";"Oxygen sensor 1 Wide Range Current (mA)";"0.05078125";"mA"
"69652.29653";"Oxygen sensor 1 Wide Range Equivalence ratio";"14.9784768";""
"69652.81653";"Fuel economizer (based on fuel system status and throttle position)";"1";""
"69652.81653";"Throttle position";"10.1960784313725";"%"
"69653.07453";"Calculated instant fuel rate";"1.34329733349158";"L/h"
"69653.07453";"Fuel used";"0.010932565266678";"L"
"69653.07453";"Fuel used (total)";"0.0182974916137099";"L"
"69653.07453";"Fuel used price";"0.0110418909193448";"$"
"69653.07453";"Fuel used price (total)";"0.01";"$"
"69653.07453";"Instant engine power (based on fuel consumption)";"3.86522613567756";"hp"
"69653.07453";"MAF air flow rate";"4.08";"g/sec"
"69653.33253";"Average speed";"0";"km/h"
"69653.33253";"Distance travelled";"0";"km"
"69653.33253";"Distance travelled (total)";"0";"km"
"69653.33253";"Vehicle acceleration";"0";"m_sec2"
"69653.33253";"Vehicle speed";"0";"km/h"
"69653.60253";"Oxygen sensor 1 Wide Range Current (mA)";"0.0078125";"mA"
"69653.60253";"Oxygen sensor 1 Wide Range Equivalence ratio";"14.7489216";""
"69654.12253";"Fuel economizer (based on fuel system status and throttle position)";"1";""
"69654.12253";"Throttle position";"10.1960784313725";"%"
"69654.38553";"Calculated instant fuel rate";"1.31405010097879";"L/h"
"69654.38553";"Fuel used";"0.0114114422818914";"L"
"69654.38553";"Fuel used (total)";"0.0187763686289233";"L"
"69654.38553";"Fuel used price";"0.0115255567047103";"$"
"69654.38553";"Fuel used price (total)";"0.01";"$"
"69654.38553";"Instant engine power (based on fuel consumption)";"3.78106966139138";"hp"
"69654.38553";"MAF air flow rate";"3.93";"g/sec"
"69654.64553";"Average speed";"0";"km/h"
"69654.64553";"Distance travelled";"0";"km"
"69654.64553";"Distance travelled (total)";"0";"km"
"69654.64553";"Vehicle acceleration";"0";"m_sec2"
"69654.64553";"Vehicle speed";"0";"km/h"
"69654.90853";"Oxygen sensor 1 Wide Range Current (mA)";"-0.34765625";"mA"
"69654.90853";"Oxygen sensor 1 Wide Range Equivalence ratio";"13.4433264";""
"69655.45253";"Fuel economizer (based on fuel system status and throttle position)";"1";""
"69655.45253";"Throttle position";"10.1960784313725";"%"
"69655.71553";"Calculated instant fuel rate";"1.44533699533632";"L/h"
"69655.71553";"Fuel used";"0.0119451975659534";"L"
"69655.71553";"Fuel used (total)";"0.0193101239129853";"L"
"69655.71553";"Fuel used price";"0.0120646495416129";"$"
"69655.71553";"Fuel used price (total)";"0.01";"$"
"69655.71553";"Instant engine power (based on fuel consumption)";"4.15883675933064";"hp"
"69655.71553";"MAF air flow rate";"3.94";"g/sec"
"69655.97353";"Average speed";"0";"km/h"
"69655.97353";"Distance travelled";"0";"km"
"69655.97353";"Distance travelled (total)";"0";"km"
"69655.97353";"Vehicle acceleration";"0";"m_sec2"
"69655.97353";"Vehicle speed";"0";"km/h"
"69656.23253";"Oxygen sensor 1 Wide Range Current (mA)";"-0.4375";"mA"
"69656.23253";"Oxygen sensor 1 Wide Range Equivalence ratio";"13.199424";""
"69656.73653";"Fuel economizer (based on fuel system status and throttle position)";"1";""
"69656.73653";"Throttle position";"10.1960784313725";"%"
"69850.13353";"Vehicle acceleration";"0";"m_sec2"
"69850.13353";"Vehicle speed";"0";"km/h"
"69850.39753";"Oxygen sensor 1 Wide Range Current (mA)";"-0.0078125";"mA"
"69850.39753";"Oxygen sensor 1 Wide Range Equivalence ratio";"14.6915328";""
"69850.90653";"Fuel economizer (based on fuel system status and throttle position)";"1";""
"69850.90653";"Throttle position";"10.1960784313725";"%"
"69851.16053";"Calculated instant fuel rate";"1.27554600888188";"L/h"
"69851.16053";"Instant engine power (based on fuel consumption)";"3.67027734505688";"hp"
"69851.16053";"MAF air flow rate";"3.8";"g/sec"
"69851.41853";"Engine RPM";"704";"rpm"
"69851.48853";"OBD Module Voltage";"13.5";"V"
"69851.98653";"Calculated engine load value";"3.92156862745098";"%"
"69852.24453";"Engine coolant temperature";"93";"℃"
"69852.49753";"Short term fuel % trim - Bank 1";"-6.25";"%"
"69852.75553";"Long term fuel % trim - Bank 1";"-17.96875";"%"
"69853.00753";"Short term fuel % trim - Bank 2";"-8.59375";"%"
"69853.26553";"Long term fuel % trim - Bank 2";"-15.625";"%"
"69853.52353";"Timing advance";"2";"°"
"69853.77753";"Intake air temperature";"48";"℃"
"69854.29653";"Oxygen sensor 2 Bank 1 Voltage";"0.745";"V"
"69854.54953";"Oxygen sensor 2 Bank 2 Voltage";"0.735";"V"
"69855.06153";"Oxygen sensor 5 Wide Range Current (mA)";"0.0703125";"mA"
"69855.06153";"Oxygen sensor 5 Wide Range Equivalence ratio";"15.06456";""
"69855.31753";"Distance travelled";"0";"km"
"69855.31753";"Distance travelled (total)";"0";"km"
"69855.31753";"Vehicle acceleration";"0";"m_sec2"
"69855.31753";"Vehicle speed";"0";"km/h"
"69855.58153";"Oxygen sensor 1 Wide Range Current (mA)";"0.0546875";"mA"
"69855.58153";"Oxygen sensor 1 Wide Range Equivalence ratio";"15.0071712";""
"69856.09553";"Fuel economizer (based on fuel system status and throttle position)";"1";""
"69856.09553";"Throttle position";"10.1960784313725";"%"
"69856.35353";"Calculated boost";"-0.48026538116118";"bar"
"69856.35353";"Calculated instant fuel rate";"1.24871808135282";"L/h"
"69856.35353";"Fuel used";"0.0137467176614362";"L"
"69856.35353";"Fuel used (total)";"0.0211116440084681";"L"
"69856.35353";"Fuel used price";"0.0138841848380505";"$"
"69856.35353";"Fuel used price (total)";"0.01";"$"
"69856.35353";"Instant engine power (based on fuel consumption)";"3.59308221925262";"hp"
"69856.35353";"MAF air flow rate";"3.8";"g/sec"
"69856.61653";"Engine RPM";"704";"rpm"
"69856.68453";"OBD Module Voltage";"13.6";"V"
"69857.22853";"Calculated engine load value";"3.92156862745098";"%"
"69857.48653";"Engine coolant temperature";"93";"℃"
"69857.74453";"Short term fuel % trim - Bank 1";"-0.78125";"%"
"69857.99653";"Long term fuel % trim - Bank 1";"-7.03125";"%"
"69858.25553";"Short term fuel % trim - Bank 2";"-18.75";"%"
"69858.51753";"Long term fuel % trim - Bank 2";"-8.59375";"%"
"69858.78553";"Timing advance";"17";"°"
"69859.03753";"Intake air temperature";"48";"℃"
"69859.55453";"Oxygen sensor 2 Bank 1 Voltage";"0.745";"V"
"69859.81853";"Oxygen sensor 2 Bank 2 Voltage";"0.725";"V"
"69860.34453";"Oxygen sensor 5 Wide Range Current (mA)";"0.19140625";"mA"
"69860.34453";"Oxygen sensor 5 Wide Range Equivalence ratio";"15.9397392";""
"69860.59653";"Average speed";"0";"km/h"
"69860.59653";"Distance travelled";"0";"km"
"69860.59653";"Distance travelled (total)";"0";"km"
"69860.59653";"Vehicle acceleration";"0";"m_sec2"
"69860.59653";"Vehicle speed";"0";"km/h"
"69860.86153";"Oxygen sensor 1 Wide Range Current (mA)";"0.05078125";"mA"
"69860.86153";"Oxygen sensor 1 Wide Range Equivalence ratio";"14.9784768";""
"69861.38753";"Fuel economizer (based on fuel system status and throttle position)";"1";""
"69861.38753";"Throttle position";"10.1960784313725";"%"
"69861.64453";"Calculated instant fuel rate";"2.89072318334707";"L/h"
"69861.64453";"Fuel used";"0.0179948865510902";"L"
"69861.64453";"Fuel used (total)";"0.0253598128981221";"L"
"69861.64453";"Fuel used price";"0.0181748354166011";"$"
"69861.64453";"Fuel used price (total)";"0.01";"$"
"69861.64453";"Instant engine power (based on fuel consumption)";"8.31781506648259";"hp"
"69861.64453";"MAF air flow rate";"8.78";"g/sec"
"69861.90953";"Engine RPM";"1999";"rpm"
"69861.97753";"OBD Module Voltage";"13.6";"V"
"69862.51553";"Calculated engine load value";"0";"%"
"69862.77353";"Engine coolant temperature";"93";"℃"
"69863.02453";"Short term fuel % trim - Bank 1";"-28.125";"%"
"69863.28253";"Long term fuel % trim - Bank 1";"-22.65625";"%"
"69863.54653";"Short term fuel % trim - Bank 2";"-28.125";"%"
"69863.80953";"Long term fuel % trim - Bank 2";"-21.875";"%"
"69864.06753";"Timing advance";"1";"°"
"69864.32553";"Intake air temperature";"48";"℃"
"69864.85553";"Oxygen sensor 2 Bank 1 Voltage";"0.815";"V"
"69865.12053";"Oxygen sensor 2 Bank 2 Voltage";"0.825";"V"
"69865.62953";"Oxygen sensor 5 Wide Range Current (mA)";"-0.19921875";"mA"
"69865.62953";"Oxygen sensor 5 Wide Range Equivalence ratio";"13.9454784";""
"69865.88753";"Average speed";"0";"km/h"
"69865.88753";"Distance travelled";"0";"km"
"69865.88753";"Distance travelled (total)";"0";"km"
"69865.88753";"Vehicle acceleration";"0";"m_sec2"
"69865.88753";"Vehicle speed";"0";"km/h"
"69866.14553";"Oxygen sensor 1 Wide Range Current (mA)";"0.0859375";"mA"
"69866.14553";"Oxygen sensor 1 Wide Range Equivalence ratio";"15.136296";""
"69866.66753";"Fuel economizer (based on fuel system status and throttle position)";"1";""
"69866.66753";"Throttle position";"10.1960784313725";"%"
"69866.93053";"Calculated instant fuel rate";"1.32603332259836";"L/h"
"69866.93053";"Fuel used";"0.0199417842193864";"L"
"69866.93053";"Fuel used (total)";"0.0273067105664183";"L"
"69866.93053";"Fuel used price";"0.0201412020615802";"$"
"69866.93053";"Fuel used price (total)";"0.01";"$"
"69866.93053";"Instant engine power (based on fuel consumption)";"3.81555038299991";"hp"
"69866.93053";"MAF air flow rate";"4.07";"g/sec"
"69867.19053";"Engine RPM";"714";"rpm"
"69867.26253";"OBD Module Voltage";"13.5";"V"
"69867.76253";"Calculated engine load value";"5.49019607843137";"%"
"69868.01353";"Engine coolant temperature";"93";"℃"
"69868.26553";"Short term fuel % trim - Bank 1";"-19.53125";"%"
"69868.52353";"Long term fuel % trim - Bank 1";"-17.1875";"%"
"69868.77553";"Short term fuel % trim - Bank 2";"-19.53125";"%"
"69869.03353";"Long term fuel % trim - Bank 2";"-16.40625";"%"
"69869.28453";"Timing advance";"0";"°"
"69869.53653";"Intake air temperature";"48";"℃"
"69870.04653";"Oxygen sensor 2 Bank 1 Voltage";"0.805";"V"
"69870.30453";"Oxygen sensor 2 Bank 2 Voltage";"0.815";"V"
"69870.83153";"Oxygen sensor 5 Wide Range Current (mA)";"-0.25";"mA"
"69870.83153";"Oxygen sensor 5 Wide Range Equivalence ratio";"13.7876592";""
"69871.08353";"Average speed";"0";"km/h"
"69871.08353";"Distance travelled";"0";"km"
"69871.08353";"Distance travelled (total)";"0";"km"
"69871.08353";"Vehicle acceleration";"0";"m_sec2"
"69871.08353";"Vehicle speed";"0";"km/h"
"69871.35253";"Oxygen sensor 1 Wide Range Current (mA)";"-0.234375";"mA"
"69871.35253";"Oxygen sensor 1 Wide Range Equivalence ratio";"13.773312";""
"69871.85153";"Fuel economizer (based on fuel system status and throttle position)";"1";""
"69871.85153";"Throttle position";"10.1960784313725";"%"
"69872.10953";"Calculated boost";"-0.0617824852431802";"bar"
"69872.10953";"Calculated instant fuel rate";"2.46337025715294";"L/h"
"69872.10953";"Fuel used";"0.0234855237341495";"L"
"69872.10953";"Fuel used (total)";"0.0308504500811815";"L"
"69872.10953";"Fuel used price";"0.023720378971491";"$"
"69872.10953";"Fuel used price (total)";"0.01";"$"
"69872.10953";"Instant engine power (based on fuel consumption)";"7.08814263410282";"hp"
"69872.10953";"MAF air flow rate";"6.88";"g/sec"
"69872.36653";"Engine RPM";"1753";"rpm"
"69872.43553";"OBD Module Voltage";"13.6";"V"
"69872.94453";"Calculated engine load value";"0";"%"
"69873.21053";"Engine coolant temperature";"93";"℃"
"69873.46453";"Short term fuel % trim - Bank 1";"-7.03125";"%"
"69873.71653";"Long term fuel % trim - Bank 1";"-9.375";"%"
"69873.97453";"Short term fuel % trim - Bank 2";"-11.71875";"%"
"69874.22653";"Long term fuel % trim - Bank 2";"-7.03125";"%"
"69874.48953";"Timing advance";"23";"°"
"69874.74653";"Intake air temperature";"48";"℃"
"69877.53953";"Oxygen sensor 5 Wide Range Current (mA)";"-1.140625";"mA"
"69877.53953";"Oxygen sensor 5 Wide Range Equivalence ratio";"10.9899552";""
"69877.79653";"Average speed";"0";"km/h"
"69877.79653";"Distance travelled";"0";"km"
"69877.79653";"Distance travelled (total)";"0";"km"
"69877.79653";"Vehicle acceleration";"0";"m_sec2"
"69877.79653";"Vehicle speed";"0";"km/h"
"69878.07053";"Oxygen sensor 1 Wide Range Current (mA)";"1.078125";"mA"
"69878.07053";"Oxygen sensor 1 Wide Range Equivalence ratio";"25.5954048";""
"69878.57453";"Fuel economizer (based on fuel system status and throttle position)";"0";""
"69878.57453";"Throttle position";"10.1960784313725";"%"
"69878.83453";"Calculated instant fuel rate";"0";"L/h"
"69878.83453";"Fuel used";"0.0234855237341495";"L"
"69878.83453";"Fuel used (total)";"0.0308504500811815";"L"
"69878.83453";"Fuel used price";"0.023720378971491";"$"
"69878.83453";"Fuel used price (total)";"0.01";"$"
"69878.83453";"Instant engine power (based on fuel consumption)";"0";"hp"
"69878.83453";"MAF air flow rate";"4.51";"g/sec"
"69879.09853";"Engine RPM";"917";"rpm"
"69879.16753";"OBD Module Voltage";"13.6";"V"
"69879.68853";"Calculated engine load value";"0";"%"
"69879.94653";"Engine coolant temperature";"92";"℃"
"69880.20353";"Short term fuel % trim - Bank 1";"0";"%"
"69880.46153";"Long term fuel % trim - Bank 1";"-15.625";"%"
"69880.71353";"Short term fuel % trim - Bank 2";"0";"%"
"69880.96553";"Long term fuel % trim - Bank 2";"-7.8125";"%"
"69881.22853";"Timing advance";"4";"°"
"69881.48253";"Intake air temperature";"48";"℃"
"69881.98553";"Oxygen sensor 2 Bank 1 Voltage";"0.795";"V"
"69882.24453";"Oxygen sensor 2 Bank 2 Voltage";"0.81";"V"
"69882.76653";"Oxygen sensor 5 Wide Range Current (mA)";"-0.09375";"mA"
"69882.76653";"Oxygen sensor 5 Wide Range Equivalence ratio";"14.3615472";""
"69883.02853";"Average speed";"0";"km/h"
"69883.02853";"Distance travelled";"0";"km"
"69883.02853";"Distance travelled (total)";"0";"km"
"69883.02853";"Vehicle acceleration";"0";"m_sec2"
"69883.02853";"Vehicle speed";"0";"km/h"
"69883.28853";"Oxygen sensor 1 Wide Range Current (mA)";"-0.16796875";"mA"
"69883.28853";"Oxygen sensor 1 Wide Range Equivalence ratio";"14.1032976";""
"69883.80453";"Fuel economizer (based on fuel system status and throttle position)";"1";""
"69883.80453";"Throttle position";"10.1960784313725";"%"
"69884.06853";"Calculated boost";"-0.284257480871456";"bar"
"69884.06853";"Calculated instant fuel rate";"2.36726915341154";"L/h"
"69884.06853";"Fuel used";"0.0269275143423291";"L"
"69884.06853";"Fuel used (total)";"0.0342924406893611";"L"
"69884.06853";"Fuel used price";"0.0271967894857524";"$"
"69884.06853";"Fuel used price (total)";"0.01";"$"
"69884.06853";"Instant engine power (based on fuel consumption)";"6.81161971651226";"hp"
"69884.06853";"MAF air flow rate";"6.77";"g/sec"
"69884.33653";"Engine RPM";"1613";"rpm"
"69884.40753";"OBD Module Voltage";"13.6";"V"
"69884.91653";"Calculated engine load value";"0";"%"
"69885.17553";"Engine coolant temperature";"92";"℃"
"69885.43653";"Short term fuel % trim - Bank 1";"-1.5625";"%"
"69885.69353";"Long term fuel % trim - Bank 1";"-21.09375";"%"
"69885.94653";"Short term fuel % trim - Bank 2";"-0.78125";"%"
"69886.20353";"Long term fuel % trim - Bank 2";"-12.5";"%"
"69886.46653";"Timing advance";"0";"°"
"69886.72853";"Intake air temperature";"48";"℃"
"69887.23553";"Oxygen sensor 2 Bank 1 Voltage";"0.82";"V"
"69887.49253";"Oxygen sensor 2 Bank 2 Voltage";"0.83";"V"
"69887.99653";"Oxygen sensor 5 Wide Range Current (mA)";"-0.671875";"mA"
"69887.99653";"Oxygen sensor 5 Wide Range Equivalence ratio";"12.4390224";""
"69888.25453";"Average speed";"0";"km/h"
"69888.25453";"Distance travelled";"0";"km"
"69888.25453";"Distance travelled (total)";"0";"km"
"69888.25453";"Vehicle acceleration";"0";"m_sec2"
"69888.25453";"Vehicle speed";"0";"km/h"
"69888.51853";"Oxygen sensor 1 Wide Range Current (mA)";"-0.40234375";"mA"
"69888.51853";"Oxygen sensor 1 Wide Range Equivalence ratio";"13.2568128";""
"69889.02453";"Fuel economizer (based on fuel system status and throttle position)";"1";""
"69889.02453";"Throttle position";"10.1960784313725";"%"
"69889.27753";"Calculated boost";"-0.792706911316572";"bar"
"69889.27753";"Calculated instant fuel rate";"1.43591198921932";"L/h"
"69889.27753";"Fuel used";"0.0290052795491397";"L"
"69889.27753";"Fuel used (total)";"0.0363702058961717";"L"
"69889.27753";"Fuel used price";"0.0292953323446311";"$"
"69889.27753";"Fuel used price (total)";"0.01";"$"
"69889.27753";"Instant engine power (based on fuel consumption)";"4.13171708964616";"hp"
"69889.27753";"MAF air flow rate";"3.86";"g/sec"
"69889.53853";"Engine RPM";"721";"rpm"
"69889.60753";"OBD Module Voltage";"13.5";"V"
"69890.12953";"Calculated engine load value";"13.3333333333333";"%"
"69890.38453";"Engine coolant temperature";"92";"℃"
"69890.64853";"Short term fuel % trim - Bank 1";"-1.5625";"%"
"69890.90553";"Long term fuel % trim - Bank 1";"-6.25";"%"
"69891.16753";"Short term fuel % trim - Bank 2";"-7.03125";"%"
"69891.42453";"Long term fuel % trim - Bank 2";"-2.34375";"%"
"69891.68753";"Timing advance";"16";"°"
"69891.94453";"Intake air temperature";"48";"℃"
"69892.46853";"Oxygen sensor 2 Bank 1 Voltage";"0.845";"V"
"69892.72653";"Oxygen sensor 2 Bank 2 Voltage";"0.83";"V"
"69893.25853";"Oxygen sensor 5 Wide Range Current (mA)";"0.9609375";"mA"
"69893.25853";"Oxygen sensor 5 Wide Range Equivalence ratio";"22.6255344";""
"69901.18553";"Throttle position";"10.1960784313725";"%"
"69901.44853";"Calculated instant fuel rate";"1.40243217599918";"L/h"
"69901.44853";"Fuel used";"0.0337467386516283";"L"
"69901.44853";"Fuel used (total)";"0.0411116649986603";"L"
"69901.44853";"Fuel used price";"0.0340842060381446";"$"
"69901.44853";"Fuel used price (total)";"0.01";"$"
"69901.44853";"Instant engine power (based on fuel consumption)";"4.03538171708965";"hp"
"69901.44853";"MAF air flow rate";"3.77";"g/sec"
"69901.70553";"Engine RPM";"719";"rpm"
"69901.77353";"OBD Module Voltage";"13.5";"V"
"69902.28353";"Calculated engine load value";"3.13725490196078";"%"
"69902.53553";"Engine coolant temperature";"93";"℃"
"69902.79753";"Short term fuel % trim - Bank 1";"7.03125";"%"
"69903.05553";"Long term fuel % trim - Bank 1";"-12.5";"%"
"69903.31553";"Short term fuel % trim - Bank 2";"7.8125";"%"
"69903.57253";"Long term fuel % trim - Bank 2";"-12.5";"%"
"69903.83453";"Timing advance";"1";"°"
"69904.09753";"Intake air temperature";"48";"℃"
"69904.61353";"Oxygen sensor 2 Bank 1 Voltage";"0.855";"V"
"69904.86653";"Oxygen sensor 2 Bank 2 Voltage";"0.85";"V"
"69905.38853";"Oxygen sensor 5 Wide Range Current (mA)";"-0.40234375";"mA"
"69905.38853";"Oxygen sensor 5 Wide Range Equivalence ratio";"13.27116";""
"69905.64453";"Vehicle acceleration";"0";"m_sec2"
"69905.64453";"Vehicle speed";"0";"km/h"
"69905.90353";"Oxygen sensor 1 Wide Range Current (mA)";"-0.36328125";"mA"
"69905.90353";"Oxygen sensor 1 Wide Range Equivalence ratio";"13.3859376";""
"69906.41353";"Fuel economizer (based on fuel system status and throttle position)";"1";""
"69906.41353";"Throttle position";"10.1960784313725";"%"
"69906.67653";"Calculated boost";"-0.491384670844882";"bar"
"69906.67653";"Calculated instant fuel rate";"1.39995617695075";"L/h"
"69906.67653";"Fuel used";"0.0357797989548651";"L"
"69906.67653";"Fuel used (total)";"0.0431447253018971";"L"
"69906.67653";"Fuel used price";"0.0361375969444138";"$"
"69906.67653";"Fuel used price (total)";"0.01";"$"
"69906.67653";"Instant engine power (based on fuel consumption)";"4.02825723616103";"hp"
"69906.67653";"MAF air flow rate";"3.8";"g/sec"
"69909.14253";"Calculated engine load value";"2.35294117647059";"%"
"69909.40553";"Engine coolant temperature";"93";"℃"
"69909.66453";"Short term fuel % trim - Bank 1";"4.6875";"%"
"69909.91653";"Long term fuel % trim - Bank 1";"-14.0625";"%"
"69910.17353";"Short term fuel % trim - Bank 2";"4.6875";"%"
"69910.42553";"Long term fuel % trim - Bank 2";"-13.28125";"%"
"69910.67153";"Timing advance";"1";"°"
"69910.92353";"Intake air temperature";"48";"℃"
"69911.44453";"Oxygen sensor 2 Bank 1 Voltage";"0.865";"V"
"69911.70853";"Oxygen sensor 2 Bank 2 Voltage";"0.855";"V"
"69912.22553";"Oxygen sensor 5 Wide Range Current (mA)";"-0.1640625";"mA"
"69912.22553";"Oxygen sensor 5 Wide Range Equivalence ratio";"14.131992";""
"69912.48253";"Distance travelled";"0";"km"
"69912.48253";"Distance travelled (total)";"0";"km"
"69912.48253";"Vehicle acceleration";"0";"m_sec2"
"69912.48253";"Vehicle speed";"0";"km/h"
"69912.74653";"Oxygen sensor 1 Wide Range Current (mA)";"-0.21484375";"mA"
"69912.74653";"Oxygen sensor 1 Wide Range Equivalence ratio";"13.9311312";""
"69913.25253";"Fuel economizer (based on fuel system status and throttle position)";"1";""
"69913.25253";"Throttle position";"10.1960784313725";"%"
"69913.53153";"Calculated instant fuel rate";"1.36640852527153";"L/h"
"69913.53153";"Fuel used";"0.0383816884105715";"L"
"69913.53153";"Fuel used (total)";"0.0457466147576035";"L"
"69913.53153";"Fuel used price";"0.0387655052946772";"$"
"69913.53153";"Fuel used price (total)";"0.01";"$"
"69913.53153";"Instant engine power (based on fuel consumption)";"3.93172666409171";"hp"
"69913.53153";"MAF air flow rate";"3.86";"g/sec"
"69913.79453";"Engine RPM";"817";"rpm"
"69913.86353";"OBD Module Voltage";"13.5";"V"
"69914.38453";"Calculated engine load value";"0";"%"
"69914.64653";"Engine coolant temperature";"93";"℃"
"69914.90553";"Short term fuel % trim - Bank 1";"7.03125";"%"
"69915.16453";"Long term fuel % trim - Bank 1";"-12.5";"%"
"69915.42953";"Short term fuel % trim - Bank 2";"1.5625";"%"
"69915.68253";"Long term fuel % trim - Bank 2";"-16.40625";"%"
"69915.93453";"Timing advance";"3";"°"
"69916.19353";"Intake air temperature";"48";"℃"
"69916.69153";"Oxygen sensor 2 Bank 1 Voltage";"0.85";"V"
"69916.95653";"Oxygen sensor 2 Bank 2 Voltage";"0.845";"V"
"69917.46453";"Oxygen sensor 5 Wide Range Current (mA)";"0.0078125";"mA"
"69917.46453";"Oxygen sensor 5 Wide Range Equivalence ratio";"14.7489216";""
"69917.72353";"Average speed";"0";"km/h"
"69917.72353";"Distance travelled";"0";"km"
"69917.72353";"Distance travelled (total)";"0";"km"
"69917.72353";"Vehicle acceleration";"0";"m_sec2"
"69917.72353";"Vehicle speed";"0";"km/h"
"69917.98753";"Oxygen sensor 1 Wide Range Current (mA)";"-0.09765625";"mA"
"69917.98753";"Oxygen sensor 1 Wide Range Equivalence ratio";"14.3472";""
"69918.50353";"Fuel economizer (based on fuel system status and throttle position)";"1";""
"69918.50353";"Throttle position";"10.1960784313725";"%"
"69918.76153";"Calculated boost";"-0.429497420237706";"bar"
"69918.76153";"Calculated instant fuel rate";"1.66019697796028";"L/h"
"69918.76153";"Fuel used";"0.0407936538471953";"L"
"69918.76153";"Fuel used (total)";"0.0481585801942273";"L"
"69918.76153";"Fuel used price";"0.0412015903856672";"$"
"69918.76153";"Fuel used price (total)";"0.01";"$"
"69918.76153";"Instant engine power (based on fuel consumption)";"4.77707845433255";"hp"
"69918.76153";"MAF air flow rate";"4.83";"g/sec"
"69919.02453";"Engine RPM";"997";"rpm"
"69919.09853";"OBD Module Voltage";"13.5";"V"
"69919.62453";"Calculated engine load value";"0";"%"
"69919.88753";"Engine coolant temperature";"93";"℃"
"69920.14453";"Short term fuel % trim - Bank 1";"3.90625";"%"
"69920.40153";"Long term fuel % trim - Bank 1";"-18.75";"%"
"69920.65353";"Short term fuel % trim - Bank 2";"5.46875";"%"
"69924.88853";"Long term fuel % trim - Bank 2";"-10.9375";"%"
"69925.14453";"Timing advance";"27";"°"
"69925.40153";"Intake air temperature";"48";"℃"
"69925.91553";"Oxygen sensor 2 Bank 1 Voltage";"0.805";"V"
"69926.17453";"Oxygen sensor 2 Bank 2 Voltage";"0.8";"V"
"69926.70653";"Oxygen sensor 5 Wide Range Current (mA)";"-0.1640625";"mA"
"69926.70653";"Oxygen sensor 5 Wide Range Equivalence ratio";"14.131992";""
"69926.94753";"Average speed";"0";"km/h"
"69926.94753";"Distance travelled";"0";"km"
"69926.94753";"Distance travelled (total)";"0";"km"
"69926.94753";"Vehicle acceleration";"0";"m_sec2"
"69926.94753";"Vehicle speed";"0";"km/h"
"69927.19453";"Oxygen sensor 1 Wide Range Current (mA)";"0.07421875";"mA"
"69927.19453";"Oxygen sensor 1 Wide Range Equivalence ratio";"15.0932544";""
"69927.68853";"Fuel economizer (based on fuel system status and throttle position)";"1";""
"69927.68853";"Throttle position";"10.1960784313725";"%"
"69927.93153";"Calculated instant fuel rate";"2.59101505074138";"L/h"
"69927.93153";"Fuel used";"0.0473929169292967";"L"
"69927.93153";"Fuel used (total)";"0.0547578432763287";"L"
"69927.93153";"Fuel used price";"0.0478668460985897";"$"
"69927.93153";"Fuel used price (total)";"0.01";"$"
"69927.93153";"Instant engine power (based on fuel consumption)";"7.45542989058742";"hp"
"69927.93153";"MAF air flow rate";"7.93";"g/sec"
"69928.19553";"Engine RPM";"1791";"rpm"
"69928.26453";"OBD Module Voltage";"13.5";"V"
"69928.77353";"Calculated engine load value";"0";"%"
"69929.03653";"Engine coolant temperature";"93";"℃"
"69929.29553";"Short term fuel % trim - Bank 1";"-13.28125";"%"
"69929.55253";"Long term fuel % trim - Bank 1";"-8.59375";"%"
"69929.81553";"Short term fuel % trim - Bank 2";"-19.53125";"%"
"69930.07853";"Long term fuel % trim - Bank 2";"-5.46875";"%"
"69930.33053";"Timing advance";"30";"°"
"69930.59253";"Intake air temperature";"48";"℃"
"69931.11853";"Oxygen sensor 2 Bank 1 Voltage";"0.795";"V"
"69931.38253";"Oxygen sensor 2 Bank 2 Voltage";"0.79";"V"
"69931.89353";"Oxygen sensor 5 Wide Range Current (mA)";"-0.265625";"mA"
"69931.89353";"Oxygen sensor 5 Wide Range Equivalence ratio";"13.7302704";""
"69932.15653";"Average speed";"0";"km/h"
"69932.15653";"Distance travelled";"0";"km"
"69932.15653";"Distance travelled (total)";"0";"km"
"69932.15653";"Vehicle acceleration";"0";"m_sec2"
"69932.15653";"Vehicle speed";"0";"km/h"
"69932.41453";"Oxygen sensor 1 Wide Range Current (mA)";"-0.98828125";"mA"
"69932.41453";"Oxygen sensor 1 Wide Range Equivalence ratio";"11.6068848";""
"69932.93353";"Fuel economizer (based on fuel system status and throttle position)";"0";""
"69932.93353";"Throttle position";"10.1960784313725";"%"
"69933.19353";"Calculated boost";"-0.755964723555624";"bar"
"69933.19353";"Calculated instant fuel rate";"0";"L/h"
"69933.19353";"Fuel used";"0.0473929169292967";"L"
"69933.19353";"Fuel used (total)";"0.0547578432763287";"L"
"69933.19353";"Fuel used price";"0.0478668460985897";"$"
"69933.19353";"Fuel used price (total)";"0.01";"$"
"69933.19353";"Instant engine power (based on fuel consumption)";"0";"hp"
"69933.19353";"MAF air flow rate";"5";"g/sec"
"69933.45153";"Engine RPM";"1149";"rpm"
"69933.52053";"OBD Module Voltage";"13.6";"V"
"69934.02453";"Calculated engine load value";"0";"%"
"69934.28353";"Engine coolant temperature";"93";"℃"
"69934.54753";"Short term fuel % trim - Bank 1";"0";"%"
"69934.80453";"Long term fuel % trim - Bank 1";"-12.5";"%"
"69935.06153";"Short term fuel % trim - Bank 2";"0";"%"
"69935.31253";"Long term fuel % trim - Bank 2";"-4.6875";"%"
"69935.56453";"Timing advance";"9";"°"
"69935.82453";"Intake air temperature";"48";"℃"
"69936.34153";"Oxygen sensor 2 Bank 1 Voltage";"0.91";"V"
"69936.59553";"Oxygen sensor 2 Bank 2 Voltage";"0.885";"V"
"69937.11653";"Oxygen sensor 5 Wide Range Current (mA)";"-0.87890625";"mA"
"69937.11653";"Oxygen sensor 5 Wide Range Equivalence ratio";"11.9655648";""
"69937.37453";"Average speed";"0";"km/h"
"69937.37453";"Distance travelled";"0";"km"
"69937.37453";"Distance travelled (total)";"0";"km"
"69937.37453";"Vehicle acceleration";"0";"m_sec2"
"69937.37453";"Vehicle speed";"0";"km/h"
"69939.88353";"Calculated instant fuel rate";"0";"L/h"
"69939.88353";"Fuel used";"0.0473929169292967";"L"
"69939.88353";"Fuel used (total)";"0.0547578432763287";"L"
"69939.88353";"Fuel used price";"0.0478668460985897";"$"
"69939.88353";"Fuel used price (total)";"0.01";"$"
"69939.88353";"Instant engine power (based on fuel consumption)";"0";"hp"
"69939.88353";"MAF air flow rate";"4.07";"g/sec"
"69940.14553";"Engine RPM";"839";"rpm"
"69940.21453";"OBD Module Voltage";"13.4";"V"
"69940.74553";"Calculated engine load value";"0";"%"
"69941.00353";"Engine coolant temperature";"93";"℃"
"69941.26653";"Short term fuel % trim - Bank 1";"0";"%"
"69941.51953";"Long term fuel % trim - Bank 1";"-15.625";"%"
"69941.78053";"Short term fuel % trim - Bank 2";"0";"%"
"69942.03253";"Long term fuel % trim - Bank 2";"-11.71875";"%"
"69942.29053";"Timing advance";"-3";"°"
"69942.54753";"Intake air temperature";"48";"℃"
"69943.06353";"Oxygen sensor 2 Bank 1 Voltage";"0.84";"V"
"69943.32053";"Oxygen sensor 2 Bank 2 Voltage";"0.84";"V"
"69943.84853";"Oxygen sensor 5 Wide Range Current (mA)";"-0.16796875";"mA"
"69943.84853";"Oxygen sensor 5 Wide Range Equivalence ratio";"14.0746032";""
"69944.10153";"Average speed";"0";"km/h"
"69944.10153";"Distance travelled";"0";"km"
"69944.10153";"Distance travelled (total)";"0";"km"
"69944.10153";"Vehicle acceleration";"0";"m_sec2"
"69944.10153";"Vehicle speed";"0";"km/h"
"69944.36553";"Oxygen sensor 1 Wide Range Current (mA)";"-0.125";"mA"
"69944.36553";"Oxygen sensor 1 Wide Range Equivalence ratio";"14.2611168";""
"69944.87353";"Fuel economizer (based on fuel system status and throttle position)";"1";""
"69944.87353";"Throttle position";"10.1960784313725";"%"
"69945.13153";"Calculated boost";"-0.571910249126628";"bar"
"69945.13153";"Calculated instant fuel rate";"1.29675332894907";"L/h"
"69945.13153";"Fuel used";"0.0492833133060656";"L"
"69945.13153";"Fuel used (total)";"0.0566482396530975";"L"
"69945.13153";"Fuel used price";"0.0497761464391262";"$"
"69945.13153";"Fuel used price (total)";"0.01";"$"
"69945.13153";"Instant engine power (based on fuel consumption)";"3.73129964127354";"hp"
"69945.13153";"MAF air flow rate";"3.75";"g/sec"
"69945.39053";"Engine RPM";"715";"rpm"
"69945.46053";"OBD Module Voltage";"13.5";"V"
"69945.99153";"Calculated engine load value";"2.74509803921569";"%"
"69946.24353";"Engine coolant temperature";"93";"℃"
"69946.50153";"Short term fuel % trim - Bank 1";"0";"%"
